train_loss_discriminator,train_loss_generator,val_loss
0.9208481713627161,1.0116013663538386,0.0018826969200745225
0.8097863023200732,0.891520497504245,0.002299682190641761
0.7612406658322624,0.8541198888521516,0.0017750050872564315
0.7371031139673812,0.8273411587382971,0.0020725592970848084
0.7242392448896773,0.8083857204137224,0.0016842859098687769
0.7172300011924143,0.7967848047781526,0.002566644083708525
0.7086908556102367,0.7961745744340876,0.0018430012045428158
0.7051517695523379,0.7881885398639722,0.001947136502712965
0.7032254586059056,0.7843928457645888,0.0018731845542788506
0.701728745792689,0.7828166069609396,0.0019144875928759574
0.7009567377272616,0.7773627317353581,0.0016914446838200091
0.7001897364519956,0.7760203467326218,0.001762086129747331
0.6986493595530477,0.7777929426578993,0.002007055445574224
0.6980447963382421,0.7765798126713613,0.0018137652426958085
0.6974005833100737,0.7724061795834745,0.0018241933081299066
0.6973810678117731,0.7722129674440019,0.0015632084803655743
0.6971438694536016,0.7768501559000337,0.001708787912502885
0.6967362748103195,0.774880015448238,0.0021238961722701787
0.6967799268411786,0.7758610610211834,0.00187508596573025
0.6963563179701902,0.7744337795825487,0.002076237928122282
0.6963535453496354,0.7747342760643262,0.0016956540057435632
0.6961487786153729,0.7657845261391629,0.002357063535600901
0.6957484510507477,0.7711509975154748,0.0017265015048906207
0.6956755847073672,0.7693056872721469,0.0015548121184110642
0.6956423614801985,0.7665079651253947,0.0017875475576147437
0.6954048503650708,0.7685545026586297,0.0016521126730367542
0.6954832626192757,0.7672738071238057,0.001729076518677175
0.6955235566985741,0.7750921383332671,0.0020600282354280353
0.6954269797614451,0.769774842128325,0.0017839407082647085
0.695229361566265,0.764220123880365,0.002288097562268376
0.6955839730380626,0.7720135691460599,0.0017986960709095
0.6952935403652405,0.7705484427762835,0.001972825941629708
0.6951735361238544,0.7688946409171886,0.0018192329909652472
0.6949592005001025,0.7687342287449355,0.001560073345899582
0.6950058629003804,0.7648780031150646,0.0017516968538984657
0.6951243723376413,0.7673462595832482,0.0016961489338427782
0.6951150532518879,0.7657519920488421,0.001634811470285058
0.6944654617416725,0.7712609285718939,0.0019309741677716375
0.6947763073310423,0.7706919305779961,0.0017231123289093374
0.6948486593332184,0.7679412465416984,0.0016072565456852316
0.6947957143354951,0.7700753580318408,0.0020053078653290866
0.6946034726132168,0.778136853421672,0.0019910896895453333
0.6945897307288781,0.7647706457738126,0.0016463323961943388
0.6954122955879468,0.7657492401894559,0.001640359777957201
0.6955051931102624,0.765936992811353,0.0020259201060980558
0.6946555590361692,0.7668124544486571,0.001657361234538257
0.6943779085459334,0.7641169710105724,0.0017070549540221692
0.6942999229002534,0.7622385962625567,0.001870867982506752
0.6942112867751818,0.7583518255962415,0.0017314685974270105
0.6944396489121941,0.7608375736836637,0.001571163022890687
0.6942429542541504,0.7639176303081299,0.001792329060845077
0.6943369032291884,0.7649885148144839,0.0016642830334603787
0.694263725468282,0.7647402467352621,0.0018348215380683541
0.6945890590046229,0.7682271593072442,0.0018199978163465857
0.6947543091988295,0.7622943848706363,0.002162774698808789
0.6945935099312429,0.7664578577105918,0.001768899755552411
0.6941095965631893,0.7628683849666895,0.001713712653145194
0.6943133372939034,0.7630271275391739,0.0019967067055404186
0.6953547931789013,0.7669289239336935,0.0016581615433096885
0.6955172841468554,0.7594808487409956,0.001523251412436366
0.6946764876333515,0.7618217943759447,0.0017081433441489934
0.6942432167824735,0.7574170184939095,0.001635971083305776
0.6941891982314292,0.7648159513312779,0.0017474080668762326
0.6942830012085732,0.7642236747098773,0.0015735551249235868
0.6939876467994089,0.7593644710069292,0.002078145509585738
0.6940586392799121,0.7663746683785085,0.0014839126029983162
0.6943396791983186,0.7629435109288505,0.0016358819557353854
0.6941107545006141,0.7642266777124298,0.0019744479330256583
0.6939584150742949,0.7655878535817179,0.001681650266982615
0.6938523871175358,0.7570485251673152,0.0015750384191051126
0.6938097101918766,0.7632830973421589,0.001582031394354999
0.6938293181108625,0.7593009070064245,0.001606578822247684
0.693813742546553,0.7600060661187332,0.0014911752892658114
0.6938375355152602,0.7632921860459145,0.0020088575081899764
0.6939354485340332,0.7662584734766671,0.0016346767079085112
0.6937919151916933,0.7650647471460064,0.0018138772808015346
0.6940011402194419,0.7645812898539426,0.0015473492443561555
0.6941587442762396,0.7608947539597415,0.001984318858012557
0.6939013607046577,0.762236487999391,0.0015369671396911143
0.6943387382485894,0.759293178494057,0.0014764130115509032
0.6939422869950198,0.7636136419317695,0.001630471763201058
0.6939159966586681,0.759550087237626,0.0015796896303072571
0.6939763989341393,0.760605245493771,0.0013671473832800984
0.6941618082228671,0.7631276551257359,0.00194418472237885
0.694027701120698,0.7633602324496495,0.0015266392147168517
0.6942283404007387,0.7630228487293372,0.001543973130173981
0.6953482962726207,0.7658836111593782,0.0018208317924290895
0.695891864514083,0.7638219869538639,0.0016430153278633951
0.6950016443649035,0.7657124098767055,0.0016094639664515852
0.6943403616380156,0.7636074638098813,0.0015037327539175749
0.6941755427403397,0.7672742960158359,0.0017392409965395928
0.6940488681364595,0.7642601313215963,0.001894435565918684
0.6939393924863151,0.7631763594873836,0.001700175739824772
0.6936842022317179,0.7621227107690961,0.0015428380109369754
0.6936068320542239,0.7618644277701218,0.0016928817378357053
0.6935962217577388,0.7622842118981179,0.0016405644826591014
0.6936795959311924,0.7620566279700632,0.0014992523472756147
0.6935947088713057,0.763511507028944,0.001873351214453578
0.6935734454165684,0.7639919043926711,0.0015702301869168877
0.6936279629053694,0.7608339150300186,0.0016047340119257568
0.6936622549978535,0.7586626296632746,0.001764871389605105
0.6936708608370149,0.7609906692183419,0.0016581767238676548
0.6935899130414042,0.7609939749321241,0.0016829498810693622
0.6938998772856895,0.7620270694239756,0.0017607593908905983
0.6938862988118375,0.7625017996584431,0.0016334939282387495
0.693801669592268,0.7583126318588685,0.0015633774222806097
0.6942466691638647,0.7580498932452684,0.001809091935865581
0.6943255361546291,0.7649736839733766,0.001733959629200399
0.6940637250964561,0.7592195901977882,0.00175051165279001
0.694516085506825,0.7606531549035833,0.0015442040050402284
0.6948411893308832,0.7553448911463276,0.0017636198550462722
0.6949578228961216,0.760717102650846,0.0019788322504609825
0.6947854047410944,0.7644958502790901,0.0016497835284098982
0.6943792305635602,0.7604579758108332,0.0016948577482253312
0.6942699578370941,0.7566243430201927,0.0016030212631449104
0.6942114066541865,0.7534101196889127,0.0018663185881450772
0.6938157282518537,0.7596140403426095,0.0015940506011247635
0.6937486750356266,0.7614830437670933,0.0016448680078610777
0.693762603770481,0.7597402702556567,0.001944181858561933
0.6937466391016928,0.7606915001119121,0.0016205820487812162
0.6937677163756295,0.7592133725627085,0.001575995096936822
0.6936841935254214,0.7638919762011325,0.0016860576113685965
0.6937425411149357,0.7606515462478894,0.001649667858146131
0.6939545642124133,0.7602241796054198,0.0016000691335648297
0.6935965177718173,0.7625455635317256,0.001947349589318037
0.6936260669418935,0.7637850742661552,0.0015754646388813852
0.6935643687676848,0.7608817440740178,0.0019200163893401622
0.693608710605107,0.7615851592481806,0.0014566464349627494
0.6936565717954314,0.7607851323117031,0.0016129909083247185
0.6935768904310934,0.7613977434929837,0.0017303191823884844
0.6936870840158356,0.7586420372630773,0.002031500986777246
0.694277792834164,0.757037963090318,0.0016640182118862867
0.6939006883106874,0.7510892413975148,0.001479423837736249
0.6941906053028749,0.7604291954737031,0.0018314781365916133
0.6944215311093277,0.7639157088954797,0.001595932454802096
0.6944648134574462,0.7617251672101825,0.0014459468889981507
0.6941205048828982,0.7580720775582818,0.0016915849642828106
0.6942072155770291,0.7640226476647881,0.0015436402289196848
0.6939239582318938,0.764370181587305,0.001591534772887826
0.6940870030542438,0.7653996422049705,0.0016644064569845795
0.6942559902587634,0.759803654772512,0.001937397290021181
0.6940364275085792,0.76251979825202,0.0016350222518667578
0.6940630085012885,0.7598418372400692,0.0016458069905638695
0.6939681393376896,0.7614759869789809,0.0015297229401767254
0.6938226932889959,0.7590766750024945,0.0016884952783584595
0.6939778488673521,0.7543577411201563,0.0016116845654323697
0.693943940521626,0.7524869649597768,0.0017156776273623108
0.6937971778130263,0.7590165218610442,0.0017803831957280635
0.6939107768991021,0.762399929293086,0.001538742403499782
0.693946287873086,0.7641056079543038,0.002027713810093701
0.6941873893309175,0.7653428751431154,0.0015549023170024156
0.6943801889258824,0.7619161230794499,0.0016144187655299902
0.694220312525717,0.7610360377290276,0.0018540740245953202
0.6941554693693526,0.7604744581694014,0.0016785668907687069
0.6938881465558255,0.7589576036742564,0.001518165273591876
0.694173520200708,0.7580855837029018,0.0020875269547104836
0.693808522786987,0.7581044984667489,0.0015298538142815231
0.6938817916291483,0.7575825780964969,0.0015072472160682082
0.693846571311522,0.7599756068058228,0.0017226609168574214
0.6937254667282104,0.7594054187281748,0.001521844114176929
0.6937506734655144,0.7586907664041841,0.0017153044696897267
0.693655691789777,0.7584846173779348,0.0018493919866159557
0.6937053685777643,0.7524698644541623,0.0015654253074899316
0.6936314427450802,0.7557210761509584,0.001595355896279216
0.693607533915659,0.7575209689943978,0.0018351413775235415
0.6936594006720553,0.7587860916437728,0.0015829402022063733
0.6936720067195679,0.7594610727235173,0.0018027820857241749
0.6935455517822438,0.7626526141434573,0.0017288158414885402
0.6937102441037639,0.7619208934601773,0.0021026967093348502
0.6938121934955039,0.7626164930590084,0.0017183382762596012
0.6937012692515769,0.7570680145467266,0.0017090755514800548
0.693771780206916,0.7561830134873979,0.0015532872639596462
0.6939975210789884,0.7574024495114101,0.00220714567694813
0.6941369758563095,0.7544083153263906,0.0020998801570385694
0.6940757277306546,0.7606919039501233,0.0019164357567206026
0.6938564951500196,0.7594822678673133,0.0015687985578551888
0.6940259303939477,0.7547069466515873,0.0016673148842528463
0.6939713539702169,0.7564025139540769,0.001809428445994854
0.6937685709321098,0.7599353234419662,0.0015636183321475982
0.6939070124304696,0.7603096452991615,0.0021929264068603514
0.6940646914953597,0.7609532227676906,0.0018540634075179697
0.6942575520343994,0.7594138852665934,0.0015363905811682343
0.6939281412724698,0.7594673030831841,0.001869171392172575
0.6938290910774403,0.7599568480855963,0.0014498168835416435
0.6938124051254787,0.7536114306932085,0.0019236709922552109
0.6939081837621968,0.756240316991056,0.0016810276778414846
0.6936764884530828,0.750961246115438,0.0020591966342180966
0.6940161900573902,0.7596480859799332,0.001618836121633649
0.6939546834217029,0.757246873351965,0.0019118326948955656
0.6938108540652843,0.7586546801449208,0.0016476273303851485
0.6938306495045008,0.7581934225693178,0.0018647552467882633
0.6939753340871146,0.756779213299912,0.001508393627591431
0.6941232306233952,0.7595809825350729,0.002038796106353402
0.6942297421144635,0.760806825723541,0.0015360185876488685
0.6939488006441781,0.7583734285965394,0.0015693613793700933
0.693783718548464,0.7596425983343231,0.001708193076774478
0.6937474896398823,0.75909097609895,0.0015705673722550273
0.6935793931564588,0.7579092812002375,0.001735399500466883
0.6936316141921482,0.7586999903903918,0.0016012310748919844
0.6935513595516762,0.7576608503802439,0.0021493959240615366
0.693568461396721,0.756612778379676,0.0022988551761955025
0.6935347090946155,0.7587746870651674,0.0017609308240935206
0.693578930383318,0.7563088355439432,0.0017708831001073122
0.6934830995088213,0.7541014913762554,0.0014971538679674269
0.6934732573755672,0.7543346165271287,0.0016515322960913182
0.6936405421642775,0.7565936057755117,0.0017784707713872194
0.6940634839990166,0.7585433641176546,0.001621832954697311
0.6939628499277523,0.7592191053240487,0.0018937984481453896
0.6942463416731759,0.7567034002100483,0.002022988977842033
0.6939259218365958,0.7624276106277209,0.002122005703859031
0.6939087905240863,0.7573067579376563,0.0016859398689121007
0.6939138810286362,0.7595058177294356,0.001893643313087523
0.6938513370042436,0.7584023422069763,0.0018723317189142108
0.6937643021679996,0.7566417140907116,0.0019002166343852877
0.6936431359708979,0.7509111721863907,0.0016521340701729059
0.693585942300518,0.756773110186116,0.0019845145288854837
0.6935310444135344,0.756784646028883,0.0017217309214174747
0.6934810140159693,0.7570127864901939,0.001499824319034815
0.6934782922937629,0.7603290656979165,0.003550328500568867
0.69342498297102,0.765923212083538,0.0015178357949480414
0.6934237855204036,0.7565688269861629,0.0019141576252877713
0.6934542903739415,0.759154169746999,0.001490312535315752
0.6934591746062375,0.7550030270319307,0.00142538754735142
0.6933792173192742,0.7560865691538607,0.001652898802421987
0.6934154073843796,0.7552945493312364,0.0014175189891830087
0.693430037980669,0.7580543167135688,0.0019741068594157697
0.6934789928157677,0.7599885698114888,0.0018003874225541948
0.6934639309229476,0.7596231859721495,0.0015024279244244098
0.6935956518301803,0.7544791350203953,0.0014152097515761851
0.6935451037428352,0.7568840129991595,0.001730217644944787
0.693644508217158,0.7586487156621525,0.0022283836267888548
0.6937271356582642,0.7580800250674902,0.00210976991802454
0.6937728088893248,0.7593883363048682,0.0015564294531941413
